idna_subject,checker_type,destination,source,tested_at
0x.mycrypto.com,AVAILABILITY,domains.list,/home/runner/work/ZeroDot1_CoinBlockerLists_optional/ZeroDot1_CoinBlockerLists_optional/domains.list,2021-01-24 10:19:24.895122
ad001.a-ads.com,AVAILABILITY,domains.list,/home/runner/work/ZeroDot1_CoinBlockerLists_optional/ZeroDot1_CoinBlockerLists_optional/domains.list,2021-01-24 10:19:52.837417
ad004.a-ads.com,AVAILABILITY,domains.list,/home/runner/work/ZeroDot1_CoinBlockerLists_optional/ZeroDot1_CoinBlockerLists_optional/domains.list,2021-01-24 10:19:58.774235
ad005.a-ads.com,AVAILABILITY,domains.list,/home/runner/work/ZeroDot1_CoinBlockerLists_optional/ZeroDot1_CoinBlockerLists_optional/domains.list,2021-01-24 10:20:04.724130
ad007.a-ads.com,AVAILABILITY,domains.list,/home/runner/work/ZeroDot1_CoinBlockerLists_optional/ZeroDot1_CoinBlockerLists_optional/domains.list,2021-01-24 10:20:10.656043
ad008.a-ads.com,AVAILABILITY,domains.list,/home/runner/work/ZeroDot1_CoinBlockerLists_optional/ZeroDot1_CoinBlockerLists_optional/domains.list,2021-01-24 10:20:16.566170
ad009.a-ads.com,AVAILABILITY,domains.list,/home/runner/work/ZeroDot1_CoinBlockerLists_optional/ZeroDot1_CoinBlockerLists_optional/domains.list,2021-01-24 10:20:22.436267
ad011.a-ads.com,AVAILABILITY,domains.list,/home/runner/work/ZeroDot1_CoinBlockerLists_optional/ZeroDot1_CoinBlockerLists_optional/domains.list,2021-01-24 10:20:28.300077
ad012.a-ads.com,AVAILABILITY,domains.list,/home/runner/work/ZeroDot1_CoinBlockerLists_optional/ZeroDot1_CoinBlockerLists_optional/domains.list,2021-01-24 10:20:34.205892
ad013.a-ads.com,AVAILABILITY,domains.list,/home/runner/work/ZeroDot1_CoinBlockerLists_optional/ZeroDot1_CoinBlockerLists_optional/domains.list,2021-01-24 10:20:40.023358
ad014.a-ads.com,AVAILABILITY,domains.list,/home/runner/work/ZeroDot1_CoinBlockerLists_optional/ZeroDot1_CoinBlockerLists_optional/domains.list,2021-01-24 10:20:45.808388
ad015.a-ads.com,AVAILABILITY,domains.list,/home/runner/work/ZeroDot1_CoinBlockerLists_optional/ZeroDot1_CoinBlockerLists_optional/domains.list,2021-01-24 10:20:51.609399
ad032.a-ads.com,AVAILABILITY,domains.list,/home/runner/work/ZeroDot1_CoinBlockerLists_optional/ZeroDot1_CoinBlockerLists_optional/domains.list,2021-01-24 10:20:57.448155
ad201.a-ads.com,AVAILABILITY,domains.list,/home/runner/work/ZeroDot1_CoinBlockerLists_optional/ZeroDot1_CoinBlockerLists_optional/domains.list,2021-01-24 10:21:03.434622
ad203.a-ads.com,AVAILABILITY,domains.list,/home/runner/work/ZeroDot1_CoinBlockerLists_optional/ZeroDot1_CoinBlockerLists_optional/domains.list,2021-01-24 10:21:09.270854
ad210.a-ads.com,AVAILABILITY,domains.list,/home/runner/work/ZeroDot1_CoinBlockerLists_optional/ZeroDot1_CoinBlockerLists_optional/domains.list,2021-01-24 10:21:15.093724
ad212.a-ads.com,AVAILABILITY,domains.list,/home/runner/work/ZeroDot1_CoinBlockerLists_optional/ZeroDot1_CoinBlockerLists_optional/domains.list,2021-01-24 10:21:20.903362
ad213.a-ads.com,AVAILABILITY,domains.list,/home/runner/work/ZeroDot1_CoinBlockerLists_optional/ZeroDot1_CoinBlockerLists_optional/domains.list,2021-01-24 10:21:26.747159
ad216.a-ads.com,AVAILABILITY,domains.list,/home/runner/work/ZeroDot1_CoinBlockerLists_optional/ZeroDot1_CoinBlockerLists_optional/domains.list,2021-01-24 10:21:32.650722
ad217.a-ads.com,AVAILABILITY,domains.list,/home/runner/work/ZeroDot1_CoinBlockerLists_optional/ZeroDot1_CoinBlockerLists_optional/domains.list,2021-01-24 10:21:38.428533
ad218.a-ads.com,AVAILABILITY,domains.list,/home/runner/work/ZeroDot1_CoinBlockerLists_optional/ZeroDot1_CoinBlockerLists_optional/domains.list,2021-01-24 10:21:44.279471
ad222.a-ads.com,AVAILABILITY,domains.list,/home/runner/work/ZeroDot1_CoinBlockerLists_optional/ZeroDot1_CoinBlockerLists_optional/domains.list,2021-01-24 10:21:50.068173
ad224.a-ads.com,AVAILABILITY,domains.list,/home/runner/work/ZeroDot1_CoinBlockerLists_optional/ZeroDot1_CoinBlockerLists_optional/domains.list,2021-01-24 10:21:55.907749
ad225.a-ads.com,AVAILABILITY,domains.list,/home/runner/work/ZeroDot1_CoinBlockerLists_optional/ZeroDot1_CoinBlockerLists_optional/domains.list,2021-01-24 10:22:01.710852
ad226.a-ads.com,AVAILABILITY,domains.list,/home/runner/work/ZeroDot1_CoinBlockerLists_optional/ZeroDot1_CoinBlockerLists_optional/domains.list,2021-01-24 10:22:07.601303
ad228.a-ads.com,AVAILABILITY,domains.list,/home/runner/work/ZeroDot1_CoinBlockerLists_optional/ZeroDot1_CoinBlockerLists_optional/domains.list,2021-01-24 10:22:13.432523
ad302.a-ads.com,AVAILABILITY,domains.list,/home/runner/work/ZeroDot1_CoinBlockerLists_optional/ZeroDot1_CoinBlockerLists_optional/domains.list,2021-01-24 10:22:19.318544
ad.s.a-ads.com,AVAILABILITY,domains.list,/home/runner/work/ZeroDot1_CoinBlockerLists_optional/ZeroDot1_CoinBlockerLists_optional/domains.list,2021-01-24 10:22:28.396436
adc.cryptopia.co.nz,AVAILABILITY,domains.list,/home/runner/work/ZeroDot1_CoinBlockerLists_optional/ZeroDot1_CoinBlockerLists_optional/domains.list,2021-01-24 10:22:34.683405
admin.adconity.com,AVAILABILITY,domains.list,/home/runner/work/ZeroDot1_CoinBlockerLists_optional/ZeroDot1_CoinBlockerLists_optional/domains.list,2021-01-24 10:22:44.080872
admin.coinmama.com,AVAILABILITY,domains.list,/home/runner/work/ZeroDot1_CoinBlockerLists_optional/ZeroDot1_CoinBlockerLists_optional/domains.list,2021-01-24 10:22:50.539533
cdn1.cryptopia.co.nz,AVAILABILITY,domains.list,/home/runner/work/ZeroDot1_CoinBlockerLists_optional/ZeroDot1_CoinBlockerLists_optional/domains.list,2021-01-24 10:23:04.164106
alpha.cryptopia.co.nz,AVAILABILITY,domains.list,/home/runner/work/ZeroDot1_CoinBlockerLists_optional/ZeroDot1_CoinBlockerLists_optional/domains.list,2021-01-24 10:23:10.381749
alpha.myetherwallet.com,AVAILABILITY,domains.list,/home/runner/work/ZeroDot1_CoinBlockerLists_optional/ZeroDot1_CoinBlockerLists_optional/domains.list,2021-01-24 10:23:16.905178
am.coinbase.com,AVAILABILITY,domains.list,/home/runner/work/ZeroDot1_CoinBlockerLists_optional/ZeroDot1_CoinBlockerLists_optional/domains.list,2021-01-24 10:23:37.882757
api1.bithumb.com,AVAILABILITY,domains.list,/home/runner/work/ZeroDot1_CoinBlockerLists_optional/ZeroDot1_CoinBlockerLists_optional/domains.list,2021-01-24 10:23:50.470100
api2.bitfinex.com,AVAILABILITY,domains.list,/home/runner/work/ZeroDot1_CoinBlockerLists_optional/ZeroDot1_CoinBlockerLists_optional/domains.list,2021-01-24 10:24:01.327019
api.am.coinbase.com,AVAILABILITY,domains.list,/home/runner/work/ZeroDot1_CoinBlockerLists_optional/ZeroDot1_CoinBlockerLists_optional/domains.list,2021-01-24 10:24:28.726195
api.cryptoguiminer.com,AVAILABILITY,domains.list,/home/runner/work/ZeroDot1_CoinBlockerLists_optional/ZeroDot1_CoinBlockerLists_optional/domains.list,2021-01-24 10:25:04.341390
api.cryptopia.co.nz,AVAILABILITY,domains.list,/home/runner/work/ZeroDot1_CoinBlockerLists_optional/ZeroDot1_CoinBlockerLists_optional/domains.list,2021-01-24 10:25:10.476871
api.mycrypto.com,AVAILABILITY,domains.list,/home/runner/work/ZeroDot1_CoinBlockerLists_optional/ZeroDot1_CoinBlockerLists_optional/domains.list,2021-01-24 10:25:37.730349
api.sandbox.coinbase.com,AVAILABILITY,domains.list,/home/runner/work/ZeroDot1_CoinBlockerLists_optional/ZeroDot1_CoinBlockerLists_optional/domains.list,2021-01-24 10:26:02.568499
app0.a-ads.com,AVAILABILITY,domains.list,/home/runner/work/ZeroDot1_CoinBlockerLists_optional/ZeroDot1_CoinBlockerLists_optional/domains.list,2021-01-24 10:26:24.625715
apps2.cointraffic.io,AVAILABILITY,domains.list,/home/runner/work/ZeroDot1_CoinBlockerLists_optional/ZeroDot1_CoinBlockerLists_optional/domains.list,2021-01-24 10:26:46.377999
apps.cointraffic.io,AVAILABILITY,domains.list,/home/runner/work/ZeroDot1_CoinBlockerLists_optional/ZeroDot1_CoinBlockerLists_optional/domains.list,2021-01-24 10:26:55.273586
artus-mining.de,AVAILABILITY,domains.list,/home/runner/work/ZeroDot1_CoinBlockerLists_optional/ZeroDot1_CoinBlockerLists_optional/domains.list,2021-01-24 10:27:06.308763
autoconfig.bitcoin-doubler.us,AVAILABILITY,domains.list,/home/runner/work/ZeroDot1_CoinBlockerLists_optional/ZeroDot1_CoinBlockerLists_optional/domains.list,2021-01-24 10:27:20.078632
autodiscover.btc-alpha.com,AVAILABILITY,domains.list,/home/runner/work/ZeroDot1_CoinBlockerLists_optional/ZeroDot1_CoinBlockerLists_optional/domains.list,2021-01-24 10:27:26.171370
autodiscover.uclick.in,AVAILABILITY,domains.list,/home/runner/work/ZeroDot1_CoinBlockerLists_optional/ZeroDot1_CoinBlockerLists_optional/domains.list,2021-01-24 10:27:36.039586
aws.simplemining.net,AVAILABILITY,domains.list,/home/runner/work/ZeroDot1_CoinBlockerLists_optional/ZeroDot1_CoinBlockerLists_optional/domains.list,2021-01-24 10:27:45.557048
babyalex.coinmama.com,AVAILABILITY,domains.list,/home/runner/work/ZeroDot1_CoinBlockerLists_optional/ZeroDot1_CoinBlockerLists_optional/domains.list,2021-01-24 10:27:51.921972
basicdemo.emercoin.com,AVAILABILITY,domains.list,/home/runner/work/ZeroDot1_CoinBlockerLists_optional/ZeroDot1_CoinBlockerLists_optional/domains.list,2021-01-24 10:27:58.296478
bch-bitcore2.trezor.io,AVAILABILITY,domains.list,/home/runner/work/ZeroDot1_CoinBlockerLists_optional/ZeroDot1_CoinBlockerLists_optional/domains.list,2021-01-24 10:28:04.261300
beta.bitfinex.com,AVAILABILITY,domains.list,/home/runner/work/ZeroDot1_CoinBlockerLists_optional/ZeroDot1_CoinBlockerLists_optional/domains.list,2021-01-24 10:28:14.993653
beta.simplemining.net,AVAILABILITY,domains.list,/home/runner/work/ZeroDot1_CoinBlockerLists_optional/ZeroDot1_CoinBlockerLists_optional/domains.list,2021-01-24 10:28:30.173040
bitcoin-doubler.us,AVAILABILITY,domains.list,/home/runner/work/ZeroDot1_CoinBlockerLists_optional/ZeroDot1_CoinBlockerLists_optional/domains.list,2021-01-24 10:28:56.336187
bittip.coinbase.com,AVAILABILITY,domains.list,/home/runner/work/ZeroDot1_CoinBlockerLists_optional/ZeroDot1_CoinBlockerLists_optional/domains.list,2021-01-24 10:29:29.950450
blog-dev.coinbase.com,AVAILABILITY,domains.list,/home/runner/work/ZeroDot1_CoinBlockerLists_optional/ZeroDot1_CoinBlockerLists_optional/domains.list,2021-01-24 10:29:57.694525
blog-staging.coinbase.com,AVAILABILITY,domains.list,/home/runner/work/ZeroDot1_CoinBlockerLists_optional/ZeroDot1_CoinBlockerLists_optional/domains.list,2021-01-24 10:30:03.419490
bng.btc-alpha.com,AVAILABILITY,domains.list,/home/runner/work/ZeroDot1_CoinBlockerLists_optional/ZeroDot1_CoinBlockerLists_optional/domains.list,2021-01-24 10:30:09.413552
btc.a-ads.com,AVAILABILITY,domains.list,/home/runner/work/ZeroDot1_CoinBlockerLists_optional/ZeroDot1_CoinBlockerLists_optional/domains.list,2021-01-24 10:30:15.311980
bullet.simplemining.net,AVAILABILITY,domains.list,/home/runner/work/ZeroDot1_CoinBlockerLists_optional/ZeroDot1_CoinBlockerLists_optional/domains.list,2021-01-24 10:30:41.392849
calendar.coinmama.com,AVAILABILITY,domains.list,/home/runner/work/ZeroDot1_CoinBlockerLists_optional/ZeroDot1_CoinBlockerLists_optional/domains.list,2021-01-24 10:31:03.196687
careers.coinmama.com,AVAILABILITY,domains.list,/home/runner/work/ZeroDot1_CoinBlockerLists_optional/ZeroDot1_CoinBlockerLists_optional/domains.list,2021-01-24 10:31:18.328845
cf-ssl28641-protected.coinbase.com,AVAILABILITY,domains.list,/home/runner/work/ZeroDot1_CoinBlockerLists_optional/ZeroDot1_CoinBlockerLists_optional/domains.list,2021-01-24 10:31:37.707546
chat.coinmama.com,AVAILABILITY,domains.list,/home/runner/work/ZeroDot1_CoinBlockerLists_optional/ZeroDot1_CoinBlockerLists_optional/domains.list,2021-01-24 10:31:58.911196
chf.a-ads.com,AVAILABILITY,domains.list,/home/runner/work/ZeroDot1_CoinBlockerLists_optional/ZeroDot1_CoinBlockerLists_optional/domains.list,2021-01-24 10:32:21.220447
cloud.cryptoguiminer.com,AVAILABILITY,domains.list,/home/runner/work/ZeroDot1_CoinBlockerLists_optional/ZeroDot1_CoinBlockerLists_optional/domains.list,2021-01-24 10:32:36.190474
coinadnet.com,AVAILABILITY,domains.list,/home/runner/work/ZeroDot1_CoinBlockerLists_optional/ZeroDot1_CoinBlockerLists_optional/domains.list,2021-01-24 10:32:57.980040
cpanel.cryptoguiminer.com,AVAILABILITY,domains.list,/home/runner/work/ZeroDot1_CoinBlockerLists_optional/ZeroDot1_CoinBlockerLists_optional/domains.list,2021-01-24 10:33:55.546881
cpanel.imperiumminer.com,AVAILABILITY,domains.list,/home/runner/work/ZeroDot1_CoinBlockerLists_optional/ZeroDot1_CoinBlockerLists_optional/domains.list,2021-01-24 10:34:06.829733
cpanel.support.hashgains.com,AVAILABILITY,domains.list,/home/runner/work/ZeroDot1_CoinBlockerLists_optional/ZeroDot1_CoinBlockerLists_optional/domains.list,2021-01-24 10:34:13.225012
cpanel.uclick.in,AVAILABILITY,domains.list,/home/runner/work/ZeroDot1_CoinBlockerLists_optional/ZeroDot1_CoinBlockerLists_optional/domains.list,2021-01-24 10:34:19.505570
dash-bitcore1.trezor.io,AVAILABILITY,domains.list,/home/runner/work/ZeroDot1_CoinBlockerLists_optional/ZeroDot1_CoinBlockerLists_optional/domains.list,2021-01-24 10:34:45.225977
dev.a-ads.com,AVAILABILITY,domains.list,/home/runner/work/ZeroDot1_CoinBlockerLists_optional/ZeroDot1_CoinBlockerLists_optional/domains.list,2021-01-24 10:35:06.414781
dev.coinmama.com,AVAILABILITY,domains.list,/home/runner/work/ZeroDot1_CoinBlockerLists_optional/ZeroDot1_CoinBlockerLists_optional/domains.list,2021-01-24 10:35:20.786713
development.btcturk.com,AVAILABILITY,domains.list,/home/runner/work/ZeroDot1_CoinBlockerLists_optional/ZeroDot1_CoinBlockerLists_optional/domains.list,2021-01-24 10:36:02.765240
development.cryptopia.co.nz,AVAILABILITY,domains.list,/home/runner/work/ZeroDot1_CoinBlockerLists_optional/ZeroDot1_CoinBlockerLists_optional/domains.list,2021-01-24 10:36:09.294351
devtopia.cryptopia.co.nz,AVAILABILITY,domains.list,/home/runner/work/ZeroDot1_CoinBlockerLists_optional/ZeroDot1_CoinBlockerLists_optional/domains.list,2021-01-24 10:36:15.491011
devweb2.cryptopia.co.nz,AVAILABILITY,domains.list,/home/runner/work/ZeroDot1_CoinBlockerLists_optional/ZeroDot1_CoinBlockerLists_optional/domains.list,2021-01-24 10:36:21.631740
dev-xhlkashd.coinmama.com,AVAILABILITY,domains.list,/home/runner/work/ZeroDot1_CoinBlockerLists_optional/ZeroDot1_CoinBlockerLists_optional/domains.list,2021-01-24 10:36:27.565978
disney.cryptopia.co.nz,AVAILABILITY,domains.list,/home/runner/work/ZeroDot1_CoinBlockerLists_optional/ZeroDot1_CoinBlockerLists_optional/domains.list,2021-01-24 10:36:33.737767
docs.exchange.coinbase.com,AVAILABILITY,domains.list,/home/runner/work/ZeroDot1_CoinBlockerLists_optional/ZeroDot1_CoinBlockerLists_optional/domains.list,2021-01-24 10:36:59.346433
doge.cryptopia.co.nz,AVAILABILITY,domains.list,/home/runner/work/ZeroDot1_CoinBlockerLists_optional/ZeroDot1_CoinBlockerLists_optional/domains.list,2021-01-24 10:37:14.356077
ent-api.sandbox.coinbase.com,AVAILABILITY,domains.list,/home/runner/work/ZeroDot1_CoinBlockerLists_optional/ZeroDot1_CoinBlockerLists_optional/domains.list,2021-01-24 10:39:02.274757
ethoca-sandbox.coinbase.com,AVAILABILITY,domains.list,/home/runner/work/ZeroDot1_CoinBlockerLists_optional/ZeroDot1_CoinBlockerLists_optional/domains.list,2021-01-24 10:41:41.278810
event.btc-alpha.com,AVAILABILITY,domains.list,/home/runner/work/ZeroDot1_CoinBlockerLists_optional/ZeroDot1_CoinBlockerLists_optional/domains.list,2021-01-24 10:41:47.406070
ex-notify.coinbase.com,AVAILABILITY,domains.list,/home/runner/work/ZeroDot1_CoinBlockerLists_optional/ZeroDot1_CoinBlockerLists_optional/domains.list,2021-01-24 10:42:12.405859
feed.exchange.coinbase.com,AVAILABILITY,domains.list,/home/runner/work/ZeroDot1_CoinBlockerLists_optional/ZeroDot1_CoinBlockerLists_optional/domains.list,2021-01-24 10:42:35.706906
files.btcturk.com,AVAILABILITY,domains.list,/home/runner/work/ZeroDot1_CoinBlockerLists_optional/ZeroDot1_CoinBlockerLists_optional/domains.list,2021-01-24 10:42:48.780832
filetransfer.coinbase.com,AVAILABILITY,domains.list,/home/runner/work/ZeroDot1_CoinBlockerLists_optional/ZeroDot1_CoinBlockerLists_optional/domains.list,2021-01-24 10:42:59.399557
fix.exchange.coinbase.com,AVAILABILITY,domains.list,/home/runner/work/ZeroDot1_CoinBlockerLists_optional/ZeroDot1_CoinBlockerLists_optional/domains.list,2021-01-24 10:43:05.778393
foundry.electrum.org,AVAILABILITY,domains.list,/home/runner/work/ZeroDot1_CoinBlockerLists_optional/ZeroDot1_CoinBlockerLists_optional/domains.list,2021-01-24 10:43:22.237478
ftp.adconity.com,AVAILABILITY,domains.list,/home/runner/work/ZeroDot1_CoinBlockerLists_optional/ZeroDot1_CoinBlockerLists_optional/domains.list,2021-01-24 10:43:28.506269
ftp.awesomeminer.com,AVAILABILITY,domains.list,/home/runner/work/ZeroDot1_CoinBlockerLists_optional/ZeroDot1_CoinBlockerLists_optional/domains.list,2021-01-24 10:43:38.157194
ftp.bitcoin-doubler.us,AVAILABILITY,domains.list,/home/runner/work/ZeroDot1_CoinBlockerLists_optional/ZeroDot1_CoinBlockerLists_optional/domains.list,2021-01-24 10:43:47.446929
ftp.coinmama.com,AVAILABILITY,domains.list,/home/runner/work/ZeroDot1_CoinBlockerLists_optional/ZeroDot1_CoinBlockerLists_optional/domains.list,2021-01-24 10:43:53.802679
ftp.hashgains.com,AVAILABILITY,domains.list,/home/runner/work/ZeroDot1_CoinBlockerLists_optional/ZeroDot1_CoinBlockerLists_optional/domains.list,2021-01-24 10:44:05.014928
ftp.imperiumminer.com,AVAILABILITY,domains.list,/home/runner/work/ZeroDot1_CoinBlockerLists_optional/ZeroDot1_CoinBlockerLists_optional/domains.list,2021-01-24 10:44:11.487305
ftp.miningfarmasics.com,AVAILABILITY,domains.list,/home/runner/work/ZeroDot1_CoinBlockerLists_optional/ZeroDot1_CoinBlockerLists_optional/domains.list,2021-01-24 10:44:33.324814
ftp.oracolxor.io,AVAILABILITY,domains.list,/home/runner/work/ZeroDot1_CoinBlockerLists_optional/ZeroDot1_CoinBlockerLists_optional/domains.list,2021-01-24 10:44:40.025657
ftp.uclick.in,AVAILABILITY,domains.list,/home/runner/work/ZeroDot1_CoinBlockerLists_optional/ZeroDot1_CoinBlockerLists_optional/domains.list,2021-01-24 10:44:49.419227
games.cryptopia.co.nz,AVAILABILITY,domains.list,/home/runner/work/ZeroDot1_CoinBlockerLists_optional/ZeroDot1_CoinBlockerLists_optional/domains.list,2021-01-24 10:44:58.576669
getbitcoin.nz,AVAILABILITY,domains.list,/home/runner/work/ZeroDot1_CoinBlockerLists_optional/ZeroDot1_CoinBlockerLists_optional/domains.list,2021-01-24 10:45:18.916492
gitlab.bitpay.com,AVAILABILITY,domains.list,/home/runner/work/ZeroDot1_CoinBlockerLists_optional/ZeroDot1_CoinBlockerLists_optional/domains.list,2021-01-24 10:45:28.253650
hashcoins.ee,AVAILABILITY,domains.list,/home/runner/work/ZeroDot1_CoinBlockerLists_optional/ZeroDot1_CoinBlockerLists_optional/domains.list,2021-01-24 10:46:02.403390
headers.electrum.org,AVAILABILITY,domains.list,/home/runner/work/ZeroDot1_CoinBlockerLists_optional/ZeroDot1_CoinBlockerLists_optional/domains.list,2021-01-24 10:46:15.508549
healthbeauty.cryptopia.co.nz,AVAILABILITY,domains.list,/home/runner/work/ZeroDot1_CoinBlockerLists_optional/ZeroDot1_CoinBlockerLists_optional/domains.list,2021-01-24 10:46:21.614154
help.cryptopia.co.nz,AVAILABILITY,domains.list,/home/runner/work/ZeroDot1_CoinBlockerLists_optional/ZeroDot1_CoinBlockerLists_optional/domains.list,2021-01-24 10:46:35.206709
helpdesk2.bitfinex.com,AVAILABILITY,domains.list,/home/runner/work/ZeroDot1_CoinBlockerLists_optional/ZeroDot1_CoinBlockerLists_optional/domains.list,2021-01-24 10:46:41.563434
honeypot.cryptopia.co.nz,AVAILABILITY,domains.list,/home/runner/work/ZeroDot1_CoinBlockerLists_optional/ZeroDot1_CoinBlockerLists_optional/domains.list,2021-01-24 10:47:11.116441
hostmaster.rbminer.net,AVAILABILITY,domains.list,/home/runner/work/ZeroDot1_CoinBlockerLists_optional/ZeroDot1_CoinBlockerLists_optional/domains.list,2021-01-24 10:47:19.482749
i2p.emercoin.com,AVAILABILITY,domains.list,/home/runner/work/ZeroDot1_CoinBlockerLists_optional/ZeroDot1_CoinBlockerLists_optional/domains.list,2021-01-24 10:47:25.795599
imperiumminer.com,AVAILABILITY,domains.list,/home/runner/work/ZeroDot1_CoinBlockerLists_optional/ZeroDot1_CoinBlockerLists_optional/domains.list,2021-01-24 10:47:47.404937
index-am.coinbase.com,AVAILABILITY,domains.list,/home/runner/work/ZeroDot1_CoinBlockerLists_optional/ZeroDot1_CoinBlockerLists_optional/domains.list,2021-01-24 10:48:02.977906
infra2.bithumb.com,AVAILABILITY,domains.list,/home/runner/work/ZeroDot1_CoinBlockerLists_optional/ZeroDot1_CoinBlockerLists_optional/domains.list,2021-01-24 10:48:09.285217
investor.cryptopia.co.nz,AVAILABILITY,domains.list,/home/runner/work/ZeroDot1_CoinBlockerLists_optional/ZeroDot1_CoinBlockerLists_optional/domains.list,2021-01-24 10:48:24.385492
iota.bitfinex.com,AVAILABILITY,domains.list,/home/runner/work/ZeroDot1_CoinBlockerLists_optional/ZeroDot1_CoinBlockerLists_optional/domains.list,2021-01-24 10:48:41.153605
jira.cryptopia.co.nz,AVAILABILITY,domains.list,/home/runner/work/ZeroDot1_CoinBlockerLists_optional/ZeroDot1_CoinBlockerLists_optional/domains.list,2021-01-24 10:48:57.506150
jp.simplemining.net,AVAILABILITY,domains.list,/home/runner/work/ZeroDot1_CoinBlockerLists_optional/ZeroDot1_CoinBlockerLists_optional/domains.list,2021-01-24 10:49:08.263060
justin.bitpay.com,AVAILABILITY,domains.list,/home/runner/work/ZeroDot1_CoinBlockerLists_optional/ZeroDot1_CoinBlockerLists_optional/domains.list,2021-01-24 10:49:20.951843
kriptometre.btcturk.com,AVAILABILITY,domains.list,/home/runner/work/ZeroDot1_CoinBlockerLists_optional/ZeroDot1_CoinBlockerLists_optional/domains.list,2021-01-24 10:49:37.805460
lb4.a-ads.com,AVAILABILITY,domains.list,/home/runner/work/ZeroDot1_CoinBlockerLists_optional/ZeroDot1_CoinBlockerLists_optional/domains.list,2021-01-24 10:49:58.669118
linfen.cryptopia.co.nz,AVAILABILITY,domains.list,/home/runner/work/ZeroDot1_CoinBlockerLists_optional/ZeroDot1_CoinBlockerLists_optional/domains.list,2021-01-24 10:50:18.380121
load.cryptopia.co.nz,AVAILABILITY,domains.list,/home/runner/work/ZeroDot1_CoinBlockerLists_optional/ZeroDot1_CoinBlockerLists_optional/domains.list,2021-01-24 10:50:41.655410
localhost.cryptopia.co.nz,AVAILABILITY,domains.list,/home/runner/work/ZeroDot1_CoinBlockerLists_optional/ZeroDot1_CoinBlockerLists_optional/domains.list,2021-01-24 10:50:47.758352
login.coinbase.com,AVAILABILITY,domains.list,/home/runner/work/ZeroDot1_CoinBlockerLists_optional/ZeroDot1_CoinBlockerLists_optional/domains.list,2021-01-24 10:50:57.027614
lt.cryptopia.co.nz,AVAILABILITY,domains.list,/home/runner/work/ZeroDot1_CoinBlockerLists_optional/ZeroDot1_CoinBlockerLists_optional/domains.list,2021-01-24 10:51:06.741482
ltc.cryptopia.co.nz,AVAILABILITY,domains.list,/home/runner/work/ZeroDot1_CoinBlockerLists_optional/ZeroDot1_CoinBlockerLists_optional/domains.list,2021-01-24 10:51:12.919531
ltc-bitcore3.trezor.io,AVAILABILITY,domains.list,/home/runner/work/ZeroDot1_CoinBlockerLists_optional/ZeroDot1_CoinBlockerLists_optional/domains.list,2021-01-24 10:51:18.921883
m.cryptopia.co.nz,AVAILABILITY,domains.list,/home/runner/work/ZeroDot1_CoinBlockerLists_optional/ZeroDot1_CoinBlockerLists_optional/domains.list,2021-01-24 10:51:42.693056
management.cryptopia.co.nz,AVAILABILITY,domains.list,/home/runner/work/ZeroDot1_CoinBlockerLists_optional/ZeroDot1_CoinBlockerLists_optional/domains.list,2021-01-24 10:51:56.337644
mars.cryptopia.co.nz,AVAILABILITY,domains.list,/home/runner/work/ZeroDot1_CoinBlockerLists_optional/ZeroDot1_CoinBlockerLists_optional/domains.list,2021-01-24 10:52:02.476463
mike.cryptopia.co.nz,AVAILABILITY,domains.list,/home/runner/work/ZeroDot1_CoinBlockerLists_optional/ZeroDot1_CoinBlockerLists_optional/domains.list,2021-01-24 10:52:33.809931
minecraft.cryptopia.co.nz,AVAILABILITY,domains.list,/home/runner/work/ZeroDot1_CoinBlockerLists_optional/ZeroDot1_CoinBlockerLists_optional/domains.list,2021-01-24 10:52:42.998541
mineshaft1.cryptopia.co.nz,AVAILABILITY,domains.list,/home/runner/work/ZeroDot1_CoinBlockerLists_optional/ZeroDot1_CoinBlockerLists_optional/domains.list,2021-01-24 10:52:55.342388
mineshaft.cryptopia.co.nz,AVAILABILITY,domains.list,/home/runner/work/ZeroDot1_CoinBlockerLists_optional/ZeroDot1_CoinBlockerLists_optional/domains.list,2021-01-24 10:53:01.469614
miningfarmasics.com,AVAILABILITY,domains.list,/home/runner/work/ZeroDot1_CoinBlockerLists_optional/ZeroDot1_CoinBlockerLists_optional/domains.list,2021-01-24 10:53:12.533077
mm.a-ads.com,AVAILABILITY,domains.list,/home/runner/work/ZeroDot1_CoinBlockerLists_optional/ZeroDot1_CoinBlockerLists_optional/domains.list,2021-01-24 10:53:25.090188
mta82.hashgains.com,AVAILABILITY,domains.list,/home/runner/work/ZeroDot1_CoinBlockerLists_optional/ZeroDot1_CoinBlockerLists_optional/domains.list,2021-01-24 10:54:22.197134
mx.peerhash.com,AVAILABILITY,domains.list,/home/runner/work/ZeroDot1_CoinBlockerLists_optional/ZeroDot1_CoinBlockerLists_optional/domains.list,2021-01-24 10:55:40.009334
n1.cryptopia.co.nz,AVAILABILITY,domains.list,/home/runner/work/ZeroDot1_CoinBlockerLists_optional/ZeroDot1_CoinBlockerLists_optional/domains.list,2021-01-24 10:56:07.039384
netvision.cryptopia.co.nz,AVAILABILITY,domains.list,/home/runner/work/ZeroDot1_CoinBlockerLists_optional/ZeroDot1_CoinBlockerLists_optional/domains.list,2021-01-24 10:56:27.459623
network.cryptopia.co.nz,AVAILABILITY,domains.list,/home/runner/work/ZeroDot1_CoinBlockerLists_optional/ZeroDot1_CoinBlockerLists_optional/domains.list,2021-01-24 10:56:33.605730
next.btc-alpha.com,AVAILABILITY,domains.list,/home/runner/work/ZeroDot1_CoinBlockerLists_optional/ZeroDot1_CoinBlockerLists_optional/domains.list,2021-01-24 10:56:39.377866
node.jwallet.network,AVAILABILITY,domains.list,/home/runner/work/ZeroDot1_CoinBlockerLists_optional/ZeroDot1_CoinBlockerLists_optional/domains.list,2021-01-24 10:56:45.844623
nodes1.cryptopia.co.nz,AVAILABILITY,domains.list,/home/runner/work/ZeroDot1_CoinBlockerLists_optional/ZeroDot1_CoinBlockerLists_optional/domains.list,2021-01-24 10:56:56.587651
nodes2.cryptopia.co.nz,AVAILABILITY,domains.list,/home/runner/work/ZeroDot1_CoinBlockerLists_optional/ZeroDot1_CoinBlockerLists_optional/domains.list,2021-01-24 10:57:02.725727
nostalgia.bitfinex.com,AVAILABILITY,domains.list,/home/runner/work/ZeroDot1_CoinBlockerLists_optional/ZeroDot1_CoinBlockerLists_optional/domains.list,2021-01-24 10:57:09.069774
ns2.a-ads.com,AVAILABILITY,domains.list,/home/runner/work/ZeroDot1_CoinBlockerLists_optional/ZeroDot1_CoinBlockerLists_optional/domains.list,2021-01-24 10:57:14.913085
o1.coinmama.com,AVAILABILITY,domains.list,/home/runner/work/ZeroDot1_CoinBlockerLists_optional/ZeroDot1_CoinBlockerLists_optional/domains.list,2021-01-24 10:57:21.176755
offers.cryptopia.co.nz,AVAILABILITY,domains.list,/home/runner/work/ZeroDot1_CoinBlockerLists_optional/ZeroDot1_CoinBlockerLists_optional/domains.list,2021-01-24 10:57:50.002782
office.cryptopia.co.nz,AVAILABILITY,domains.list,/home/runner/work/ZeroDot1_CoinBlockerLists_optional/ZeroDot1_CoinBlockerLists_optional/domains.list,2021-01-24 10:57:56.184362
old.coinad.com,AVAILABILITY,domains.list,/home/runner/work/ZeroDot1_CoinBlockerLists_optional/ZeroDot1_CoinBlockerLists_optional/domains.list,2021-01-24 10:58:13.948725
parners.cryptopia.co.nz,AVAILABILITY,domains.list,/home/runner/work/ZeroDot1_CoinBlockerLists_optional/ZeroDot1_CoinBlockerLists_optional/domains.list,2021-01-24 10:58:43.935217
parthk.co.uk,AVAILABILITY,domains.list,/home/runner/work/ZeroDot1_CoinBlockerLists_optional/ZeroDot1_CoinBlockerLists_optional/domains.list,2021-01-24 10:58:51.170953
pay.bithumb.com,AVAILABILITY,domains.list,/home/runner/work/ZeroDot1_CoinBlockerLists_optional/ZeroDot1_CoinBlockerLists_optional/domains.list,2021-01-24 10:58:57.522272
poc.simplemining.net,AVAILABILITY,domains.list,/home/runner/work/ZeroDot1_CoinBlockerLists_optional/ZeroDot1_CoinBlockerLists_optional/domains.list,2021-01-24 10:59:16.018411
pool2.emercoin.com,AVAILABILITY,domains.list,/home/runner/work/ZeroDot1_CoinBlockerLists_optional/ZeroDot1_CoinBlockerLists_optional/domains.list,2021-01-24 10:59:22.391081
pool.emercoin.com,AVAILABILITY,domains.list,/home/runner/work/ZeroDot1_CoinBlockerLists_optional/ZeroDot1_CoinBlockerLists_optional/domains.list,2021-01-24 10:59:28.788660
pools1.cryptopia.co.nz,AVAILABILITY,domains.list,/home/runner/work/ZeroDot1_CoinBlockerLists_optional/ZeroDot1_CoinBlockerLists_optional/domains.list,2021-01-24 10:59:34.901837
pools2.cryptopia.co.nz,AVAILABILITY,domains.list,/home/runner/work/ZeroDot1_CoinBlockerLists_optional/ZeroDot1_CoinBlockerLists_optional/domains.list,2021-01-24 10:59:41.048161
pools.cryptopia.co.nz,AVAILABILITY,domains.list,/home/runner/work/ZeroDot1_CoinBlockerLists_optional/ZeroDot1_CoinBlockerLists_optional/domains.list,2021-01-24 10:59:47.179929
pop3.awesomeminer.com,AVAILABILITY,domains.list,/home/runner/work/ZeroDot1_CoinBlockerLists_optional/ZeroDot1_CoinBlockerLists_optional/domains.list,2021-01-24 10:59:53.661318
pport.cryptopia.co.nz,AVAILABILITY,domains.list,/home/runner/work/ZeroDot1_CoinBlockerLists_optional/ZeroDot1_CoinBlockerLists_optional/domains.list,2021-01-24 11:00:07.366896
prelive.cryptopia.co.nz,AVAILABILITY,domains.list,/home/runner/work/ZeroDot1_CoinBlockerLists_optional/ZeroDot1_CoinBlockerLists_optional/domains.list,2021-01-24 11:00:13.483794
preprod.simplemining.net,AVAILABILITY,domains.list,/home/runner/work/ZeroDot1_CoinBlockerLists_optional/ZeroDot1_CoinBlockerLists_optional/domains.list,2021-01-24 11:00:24.339377
press.coinbase.com,AVAILABILITY,domains.list,/home/runner/work/ZeroDot1_CoinBlockerLists_optional/ZeroDot1_CoinBlockerLists_optional/domains.list,2021-01-24 11:00:30.510363
press-dev.coinbase.com,AVAILABILITY,domains.list,/home/runner/work/ZeroDot1_CoinBlockerLists_optional/ZeroDot1_CoinBlockerLists_optional/domains.list,2021-01-24 11:00:36.227193
press-staging.coinbase.com,AVAILABILITY,domains.list,/home/runner/work/ZeroDot1_CoinBlockerLists_optional/ZeroDot1_CoinBlockerLists_optional/domains.list,2021-01-24 11:00:41.960459
psychomining.de,AVAILABILITY,domains.list,/home/runner/work/ZeroDot1_CoinBlockerLists_optional/ZeroDot1_CoinBlockerLists_optional/domains.list,2021-01-24 11:01:03.500539
public.sandbox.exchange.coinbase.com,AVAILABILITY,domains.list,/home/runner/work/ZeroDot1_CoinBlockerLists_optional/ZeroDot1_CoinBlockerLists_optional/domains.list,2021-01-24 11:01:14.320324
rc.bithumb.com,AVAILABILITY,domains.list,/home/runner/work/ZeroDot1_CoinBlockerLists_optional/ZeroDot1_CoinBlockerLists_optional/domains.list,2021-01-24 11:02:48.774620
redmine.emercoin.com,AVAILABILITY,domains.list,/home/runner/work/ZeroDot1_CoinBlockerLists_optional/ZeroDot1_CoinBlockerLists_optional/domains.list,2021-01-24 11:02:58.323236
relay.coinbase.com,AVAILABILITY,domains.list,/home/runner/work/ZeroDot1_CoinBlockerLists_optional/ZeroDot1_CoinBlockerLists_optional/domains.list,2021-01-24 11:03:04.546970
rm.cointraffic.io,AVAILABILITY,domains.list,/home/runner/work/ZeroDot1_CoinBlockerLists_optional/ZeroDot1_CoinBlockerLists_optional/domains.list,2021-01-24 11:03:33.486670
rpc.myetherwallet.com,AVAILABILITY,domains.list,/home/runner/work/ZeroDot1_CoinBlockerLists_optional/ZeroDot1_CoinBlockerLists_optional/domains.list,2021-01-24 11:03:42.843962
ru.cryptopia.co.nz,AVAILABILITY,domains.list,/home/runner/work/ZeroDot1_CoinBlockerLists_optional/ZeroDot1_CoinBlockerLists_optional/domains.list,2021-01-24 11:03:52.126763
s.a-ads.com,AVAILABILITY,domains.list,/home/runner/work/ZeroDot1_CoinBlockerLists_optional/ZeroDot1_CoinBlockerLists_optional/domains.list,2021-01-24 11:03:57.911185
saml.cryptopia.co.nz,AVAILABILITY,domains.list,/home/runner/work/ZeroDot1_CoinBlockerLists_optional/ZeroDot1_CoinBlockerLists_optional/domains.list,2021-01-24 11:04:10.223647
sandbox.coinbase.com,AVAILABILITY,domains.list,/home/runner/work/ZeroDot1_CoinBlockerLists_optional/ZeroDot1_CoinBlockerLists_optional/domains.list,2021-01-24 11:04:16.386444
sandbox.exchange.coinbase.com,AVAILABILITY,domains.list,/home/runner/work/ZeroDot1_CoinBlockerLists_optional/ZeroDot1_CoinBlockerLists_optional/domains.list,2021-01-24 11:04:22.786629
secure.coinmama.com,AVAILABILITY,domains.list,/home/runner/work/ZeroDot1_CoinBlockerLists_optional/ZeroDot1_CoinBlockerLists_optional/domains.list,2021-01-24 11:04:35.222143
staging.community.coinbase.com,AVAILABILITY,domains.list,/home/runner/work/ZeroDot1_CoinBlockerLists_optional/ZeroDot1_CoinBlockerLists_optional/domains.list,2021-01-24 11:05:33.029242
stats.ethc.io,AVAILABILITY,domains.list,/home/runner/work/ZeroDot1_CoinBlockerLists_optional/ZeroDot1_CoinBlockerLists_optional/domains.list,2021-01-24 11:06:00.493149
status.coinmama.com,AVAILABILITY,domains.list,/home/runner/work/ZeroDot1_CoinBlockerLists_optional/ZeroDot1_CoinBlockerLists_optional/domains.list,2021-01-24 11:06:14.770219
store.coinbase.com,AVAILABILITY,domains.list,/home/runner/work/ZeroDot1_CoinBlockerLists_optional/ZeroDot1_CoinBlockerLists_optional/domains.list,2021-01-24 11:06:28.978535
test.cryptopia.co.nz,AVAILABILITY,domains.list,/home/runner/work/ZeroDot1_CoinBlockerLists_optional/ZeroDot1_CoinBlockerLists_optional/domains.list,2021-01-24 11:08:05.561655
test.ledgerwallet.com,AVAILABILITY,domains.list,/home/runner/work/ZeroDot1_CoinBlockerLists_optional/ZeroDot1_CoinBlockerLists_optional/domains.list,2021-01-24 11:08:12.016851
ticker.epic-ticker.tech,AVAILABILITY,domains.list,/home/runner/work/ZeroDot1_CoinBlockerLists_optional/ZeroDot1_CoinBlockerLists_optional/domains.list,2021-01-24 11:08:40.838862
tm.btcturk.com,AVAILABILITY,domains.list,/home/runner/work/ZeroDot1_CoinBlockerLists_optional/ZeroDot1_CoinBlockerLists_optional/domains.list,2021-01-24 11:08:47.201315
unauthorized.btcturk.com,AVAILABILITY,domains.list,/home/runner/work/ZeroDot1_CoinBlockerLists_optional/ZeroDot1_CoinBlockerLists_optional/domains.list,2021-01-24 11:09:18.645175
unauthorized.cryptopia.co.nz,AVAILABILITY,domains.list,/home/runner/work/ZeroDot1_CoinBlockerLists_optional/ZeroDot1_CoinBlockerLists_optional/domains.list,2021-01-24 11:09:24.842948
upload.a-ads.com,AVAILABILITY,domains.list,/home/runner/work/ZeroDot1_CoinBlockerLists_optional/ZeroDot1_CoinBlockerLists_optional/domains.list,2021-01-24 11:09:37.299680
upload.coinad.com,AVAILABILITY,domains.list,/home/runner/work/ZeroDot1_CoinBlockerLists_optional/ZeroDot1_CoinBlockerLists_optional/domains.list,2021-01-24 11:09:54.639372
ups.cryptopia.co.nz,AVAILABILITY,domains.list,/home/runner/work/ZeroDot1_CoinBlockerLists_optional/ZeroDot1_CoinBlockerLists_optional/domains.list,2021-01-24 11:10:00.824334
w.cryptopia.co.nz,AVAILABILITY,domains.list,/home/runner/work/ZeroDot1_CoinBlockerLists_optional/ZeroDot1_CoinBlockerLists_optional/domains.list,2021-01-24 11:10:38.215337
web3.hashgains.com,AVAILABILITY,domains.list,/home/runner/work/ZeroDot1_CoinBlockerLists_optional/ZeroDot1_CoinBlockerLists_optional/domains.list,2021-01-24 11:11:21.331580
web4.hashgains.com,AVAILABILITY,domains.list,/home/runner/work/ZeroDot1_CoinBlockerLists_optional/ZeroDot1_CoinBlockerLists_optional/domains.list,2021-01-24 11:11:27.644203
web5.hashgains.com,AVAILABILITY,domains.list,/home/runner/work/ZeroDot1_CoinBlockerLists_optional/ZeroDot1_CoinBlockerLists_optional/domains.list,2021-01-24 11:11:33.962768
webdisk.api.cryptoguiminer.com,AVAILABILITY,domains.list,/home/runner/work/ZeroDot1_CoinBlockerLists_optional/ZeroDot1_CoinBlockerLists_optional/domains.list,2021-01-24 11:11:52.730317
webdisk.cryptoguiminer.com,AVAILABILITY,domains.list,/home/runner/work/ZeroDot1_CoinBlockerLists_optional/ZeroDot1_CoinBlockerLists_optional/domains.list,2021-01-24 11:12:04.019537
webdisk.uclick.in,AVAILABILITY,domains.list,/home/runner/work/ZeroDot1_CoinBlockerLists_optional/ZeroDot1_CoinBlockerLists_optional/domains.list,2021-01-24 11:12:10.364883
wiki.emercoin.com,AVAILABILITY,domains.list,/home/runner/work/ZeroDot1_CoinBlockerLists_optional/ZeroDot1_CoinBlockerLists_optional/domains.list,2021-01-24 11:12:32.787917
ws.am.coinbase.com,AVAILABILITY,domains.list,/home/runner/work/ZeroDot1_CoinBlockerLists_optional/ZeroDot1_CoinBlockerLists_optional/domains.list,2021-01-24 11:13:03.802801
ws.bitfinex.com,AVAILABILITY,domains.list,/home/runner/work/ZeroDot1_CoinBlockerLists_optional/ZeroDot1_CoinBlockerLists_optional/domains.list,2021-01-24 11:13:10.146996
ws.sandbox.coinbase.com,AVAILABILITY,domains.list,/home/runner/work/ZeroDot1_CoinBlockerLists_optional/ZeroDot1_CoinBlockerLists_optional/domains.list,2021-01-24 11:13:32.111495
wss1.bithumb.com,AVAILABILITY,domains.list,/home/runner/work/ZeroDot1_CoinBlockerLists_optional/ZeroDot1_CoinBlockerLists_optional/domains.list,2021-01-24 11:13:56.058270
ww.cryptopia.co.nz,AVAILABILITY,domains.list,/home/runner/work/ZeroDot1_CoinBlockerLists_optional/ZeroDot1_CoinBlockerLists_optional/domains.list,2021-01-24 11:14:10.501536
www1.a-ads.com,AVAILABILITY,domains.list,/home/runner/work/ZeroDot1_CoinBlockerLists_optional/ZeroDot1_CoinBlockerLists_optional/domains.list,2021-01-24 11:14:16.346603
www1.bithumb.com,AVAILABILITY,domains.list,/home/runner/work/ZeroDot1_CoinBlockerLists_optional/ZeroDot1_CoinBlockerLists_optional/domains.list,2021-01-24 11:14:22.805659
www2.coinbase.com,AVAILABILITY,domains.list,/home/runner/work/ZeroDot1_CoinBlockerLists_optional/ZeroDot1_CoinBlockerLists_optional/domains.list,2021-01-24 11:14:29.012275
www3.a-ads.com,AVAILABILITY,domains.list,/home/runner/work/ZeroDot1_CoinBlockerLists_optional/ZeroDot1_CoinBlockerLists_optional/domains.list,2021-01-24 11:14:34.983405
www.0x.mycrypto.com,AVAILABILITY,domains.list,/home/runner/work/ZeroDot1_CoinBlockerLists_optional/ZeroDot1_CoinBlockerLists_optional/domains.list,2021-01-24 11:14:41.467148
www.alpha.myetherwallet.com,AVAILABILITY,domains.list,/home/runner/work/ZeroDot1_CoinBlockerLists_optional/ZeroDot1_CoinBlockerLists_optional/domains.list,2021-01-24 11:15:06.125881
www.api.mymonero.com,AVAILABILITY,domains.list,/home/runner/work/ZeroDot1_CoinBlockerLists_optional/ZeroDot1_CoinBlockerLists_optional/domains.list,2021-01-24 11:15:27.085455
www.apps2.cointraffic.io,AVAILABILITY,domains.list,/home/runner/work/ZeroDot1_CoinBlockerLists_optional/ZeroDot1_CoinBlockerLists_optional/domains.list,2021-01-24 11:15:35.506147
www.apps.cointraffic.io,AVAILABILITY,domains.list,/home/runner/work/ZeroDot1_CoinBlockerLists_optional/ZeroDot1_CoinBlockerLists_optional/domains.list,2021-01-24 11:15:43.559910
www.artus-mining.de,AVAILABILITY,domains.list,/home/runner/work/ZeroDot1_CoinBlockerLists_optional/ZeroDot1_CoinBlockerLists_optional/domains.list,2021-01-24 11:15:50.164794
www.bch-bitcore2.trezor.io,AVAILABILITY,domains.list,/home/runner/work/ZeroDot1_CoinBlockerLists_optional/ZeroDot1_CoinBlockerLists_optional/domains.list,2021-01-24 11:16:00.360650
www.beta-wallet.trezor.io,AVAILABILITY,domains.list,/home/runner/work/ZeroDot1_CoinBlockerLists_optional/ZeroDot1_CoinBlockerLists_optional/domains.list,2021-01-24 11:16:06.167193
www.bitcoin-doubler.us,AVAILABILITY,domains.list,/home/runner/work/ZeroDot1_CoinBlockerLists_optional/ZeroDot1_CoinBlockerLists_optional/domains.list,2021-01-24 11:16:24.478720
www.bitcore1.trezor.io,AVAILABILITY,domains.list,/home/runner/work/ZeroDot1_CoinBlockerLists_optional/ZeroDot1_CoinBlockerLists_optional/domains.list,2021-01-24 11:16:33.933313
www.bitcore3.trezor.io,AVAILABILITY,domains.list,/home/runner/work/ZeroDot1_CoinBlockerLists_optional/ZeroDot1_CoinBlockerLists_optional/domains.list,2021-01-24 11:16:40.175305
www.blog.coinbase.com,AVAILABILITY,domains.list,/home/runner/work/ZeroDot1_CoinBlockerLists_optional/ZeroDot1_CoinBlockerLists_optional/domains.list,2021-01-24 11:17:11.469094
www.btc-bitcore1.trezor.io,AVAILABILITY,domains.list,/home/runner/work/ZeroDot1_CoinBlockerLists_optional/ZeroDot1_CoinBlockerLists_optional/domains.list,2021-01-24 11:17:21.743290
www.btc-bitcore3.trezor.io,AVAILABILITY,domains.list,/home/runner/work/ZeroDot1_CoinBlockerLists_optional/ZeroDot1_CoinBlockerLists_optional/domains.list,2021-01-24 11:17:27.490422
www.careers.coinmama.com,AVAILABILITY,domains.list,/home/runner/work/ZeroDot1_CoinBlockerLists_optional/ZeroDot1_CoinBlockerLists_optional/domains.list,2021-01-24 11:17:42.701190
www.cloud.cryptoguiminer.com,AVAILABILITY,domains.list,/home/runner/work/ZeroDot1_CoinBlockerLists_optional/ZeroDot1_CoinBlockerLists_optional/domains.list,2021-01-24 11:18:11.504375
www.coinad.com,AVAILABILITY,domains.list,/home/runner/work/ZeroDot1_CoinBlockerLists_optional/ZeroDot1_CoinBlockerLists_optional/domains.list,2021-01-24 11:18:29.413330
www.coinadnet.com,AVAILABILITY,domains.list,/home/runner/work/ZeroDot1_CoinBlockerLists_optional/ZeroDot1_CoinBlockerLists_optional/domains.list,2021-01-24 11:18:35.950863
www.connect.trezor.io,AVAILABILITY,domains.list,/home/runner/work/ZeroDot1_CoinBlockerLists_optional/ZeroDot1_CoinBlockerLists_optional/domains.list,2021-01-24 11:19:12.392013
www.dash-bitcore1.trezor.io,AVAILABILITY,domains.list,/home/runner/work/ZeroDot1_CoinBlockerLists_optional/ZeroDot1_CoinBlockerLists_optional/domains.list,2021-01-24 11:19:41.822472
www.docs.custody.coinbase.com,AVAILABILITY,domains.list,/home/runner/work/ZeroDot1_CoinBlockerLists_optional/ZeroDot1_CoinBlockerLists_optional/domains.list,2021-01-24 11:19:48.163228
www.engineering.coinbase.com,AVAILABILITY,domains.list,/home/runner/work/ZeroDot1_CoinBlockerLists_optional/ZeroDot1_CoinBlockerLists_optional/domains.list,2021-01-24 11:20:16.721790
www.files.cointraffic.io,AVAILABILITY,domains.list,/home/runner/work/ZeroDot1_CoinBlockerLists_optional/ZeroDot1_CoinBlockerLists_optional/domains.list,2021-01-24 11:20:46.051321
www.getbitcoin.nz,AVAILABILITY,domains.list,/home/runner/work/ZeroDot1_CoinBlockerLists_optional/ZeroDot1_CoinBlockerLists_optional/domains.list,2021-01-24 11:21:23.941126
www.gitlab.bitpay.com,AVAILABILITY,domains.list,/home/runner/work/ZeroDot1_CoinBlockerLists_optional/ZeroDot1_CoinBlockerLists_optional/domains.list,2021-01-24 11:21:33.723374
www.go.coinmama.com,AVAILABILITY,domains.list,/home/runner/work/ZeroDot1_CoinBlockerLists_optional/ZeroDot1_CoinBlockerLists_optional/domains.list,2021-01-24 11:21:44.408519
www.hashcoins.ee,AVAILABILITY,domains.list,/home/runner/work/ZeroDot1_CoinBlockerLists_optional/ZeroDot1_CoinBlockerLists_optional/domains.list,2021-01-24 11:21:58.387904
www.ico.icerockmining.io,AVAILABILITY,domains.list,/home/runner/work/ZeroDot1_CoinBlockerLists_optional/ZeroDot1_CoinBlockerLists_optional/domains.list,2021-01-24 11:24:30.213868
www.imperiumminer.com,AVAILABILITY,domains.list,/home/runner/work/ZeroDot1_CoinBlockerLists_optional/ZeroDot1_CoinBlockerLists_optional/domains.list,2021-01-24 11:24:36.823886
www.jwallet.network,AVAILABILITY,domains.list,/home/runner/work/ZeroDot1_CoinBlockerLists_optional/ZeroDot1_CoinBlockerLists_optional/domains.list,2021-01-24 11:24:59.050582
www.kncminer.com,AVAILABILITY,domains.list,/home/runner/work/ZeroDot1_CoinBlockerLists_optional/ZeroDot1_CoinBlockerLists_optional/domains.list,2021-01-24 11:25:20.877501
www.ltc.cryptopia.co.nz,AVAILABILITY,domains.list,/home/runner/work/ZeroDot1_CoinBlockerLists_optional/ZeroDot1_CoinBlockerLists_optional/domains.list,2021-01-24 11:25:57.473225
www.ltc-bitcore3.trezor.io,AVAILABILITY,domains.list,/home/runner/work/ZeroDot1_CoinBlockerLists_optional/ZeroDot1_CoinBlockerLists_optional/domains.list,2021-01-24 11:26:03.280627
www.masternodes4everyone.com,AVAILABILITY,domains.list,/home/runner/work/ZeroDot1_CoinBlockerLists_optional/ZeroDot1_CoinBlockerLists_optional/domains.list,2021-01-24 11:26:17.498268
www.minerboard.com,AVAILABILITY,domains.list,/home/runner/work/ZeroDot1_CoinBlockerLists_optional/ZeroDot1_CoinBlockerLists_optional/domains.list,2021-01-24 11:26:39.521586
www.miningfarmasics.com,AVAILABILITY,domains.list,/home/runner/work/ZeroDot1_CoinBlockerLists_optional/ZeroDot1_CoinBlockerLists_optional/domains.list,2021-01-24 11:26:50.113793
www.monitorig.com,AVAILABILITY,domains.list,/home/runner/work/ZeroDot1_CoinBlockerLists_optional/ZeroDot1_CoinBlockerLists_optional/domains.list,2021-01-24 11:27:06.933059
www.old-wallet.trezor.io,AVAILABILITY,domains.list,/home/runner/work/ZeroDot1_CoinBlockerLists_optional/ZeroDot1_CoinBlockerLists_optional/domains.list,2021-01-24 11:27:30.566593
www.oracolxor.io,AVAILABILITY,domains.list,/home/runner/work/ZeroDot1_CoinBlockerLists_optional/ZeroDot1_CoinBlockerLists_optional/domains.list,2021-01-24 11:27:37.235931
www.overflow.mycrypto.com,AVAILABILITY,domains.list,/home/runner/work/ZeroDot1_CoinBlockerLists_optional/ZeroDot1_CoinBlockerLists_optional/domains.list,2021-01-24 11:27:43.613238
www.parthk.co.uk,AVAILABILITY,domains.list,/home/runner/work/ZeroDot1_CoinBlockerLists_optional/ZeroDot1_CoinBlockerLists_optional/domains.list,2021-01-24 11:28:02.199680
www.pay.bithumb.com,AVAILABILITY,domains.list,/home/runner/work/ZeroDot1_CoinBlockerLists_optional/ZeroDot1_CoinBlockerLists_optional/domains.list,2021-01-24 11:28:08.575443
www.preorder.trezor.io,AVAILABILITY,domains.list,/home/runner/work/ZeroDot1_CoinBlockerLists_optional/ZeroDot1_CoinBlockerLists_optional/domains.list,2021-01-24 11:28:20.377133
www.psychomining.de,AVAILABILITY,domains.list,/home/runner/work/ZeroDot1_CoinBlockerLists_optional/ZeroDot1_CoinBlockerLists_optional/domains.list,2021-01-24 11:28:27.145240
www.rm.cointraffic.io,AVAILABILITY,domains.list,/home/runner/work/ZeroDot1_CoinBlockerLists_optional/ZeroDot1_CoinBlockerLists_optional/domains.list,2021-01-24 11:28:54.938243
www.rpc.myetherwallet.com,AVAILABILITY,domains.list,/home/runner/work/ZeroDot1_CoinBlockerLists_optional/ZeroDot1_CoinBlockerLists_optional/domains.list,2021-01-24 11:29:04.254732
www.shop.simplemining.net,AVAILABILITY,domains.list,/home/runner/work/ZeroDot1_CoinBlockerLists_optional/ZeroDot1_CoinBlockerLists_optional/domains.list,2021-01-24 11:29:27.749062
www.shop.trezor.io,AVAILABILITY,domains.list,/home/runner/work/ZeroDot1_CoinBlockerLists_optional/ZeroDot1_CoinBlockerLists_optional/domains.list,2021-01-24 11:29:34.080571
www.status.trezor.io,AVAILABILITY,domains.list,/home/runner/work/ZeroDot1_CoinBlockerLists_optional/ZeroDot1_CoinBlockerLists_optional/domains.list,2021-01-24 11:29:45.073744
www.support.bitpay.com,AVAILABILITY,domains.list,/home/runner/work/ZeroDot1_CoinBlockerLists_optional/ZeroDot1_CoinBlockerLists_optional/domains.list,2021-01-24 11:30:08.238084
www.test.bitpay.com,AVAILABILITY,domains.list,/home/runner/work/ZeroDot1_CoinBlockerLists_optional/ZeroDot1_CoinBlockerLists_optional/domains.list,2021-01-24 11:30:14.564356
www.tradewin.online,AVAILABILITY,domains.list,/home/runner/work/ZeroDot1_CoinBlockerLists_optional/ZeroDot1_CoinBlockerLists_optional/domains.list,2021-01-24 11:30:32.480618
www.wallet.trezor.io,AVAILABILITY,domains.list,/home/runner/work/ZeroDot1_CoinBlockerLists_optional/ZeroDot1_CoinBlockerLists_optional/domains.list,2021-01-24 11:31:00.597305
www.wiki.trezor.io,AVAILABILITY,domains.list,/home/runner/work/ZeroDot1_CoinBlockerLists_optional/ZeroDot1_CoinBlockerLists_optional/domains.list,2021-01-24 11:31:15.747017
www.zec-bitcore1.trezor.io,AVAILABILITY,domains.list,/home/runner/work/ZeroDot1_CoinBlockerLists_optional/ZeroDot1_CoinBlockerLists_optional/domains.list,2021-01-24 11:31:21.664712
wwww.coinbase.com,AVAILABILITY,domains.list,/home/runner/work/ZeroDot1_CoinBlockerLists_optional/ZeroDot1_CoinBlockerLists_optional/domains.list,2021-01-24 11:31:27.969254
zec-bitcore1.trezor.io,AVAILABILITY,domains.list,/home/runner/work/ZeroDot1_CoinBlockerLists_optional/ZeroDot1_CoinBlockerLists_optional/domains.list,2021-01-24 11:31:33.762822
